chapter,page,url,description
1,0,https://pub-71ebbc217e6247ecacb85126a6616699.r2.dev/grammar-illustrations/alice-in-wonderland/ch01-the-white-rabbit-appears/gwynedd-hudson-1922.jpg,"chapter cover"
1,1,https://pub-71ebbc217e6247ecacb85126a6616699.r2.dev/grammar-illustrations/alice-in-wonderland/manuscript-under-ground/manuscript-page-01.jpg,"— — Lewis Carroll manuscript — Chapter I title page — Alice bored by the river"
1,2,https://pub-71ebbc217e6247ecacb85126a6616699.r2.dev/grammar-illustrations/alice-in-wonderland/ch01-the-white-rabbit-appears/alice-b-woodward-1913.jpg,"— — Alice B. Woodward — Suddenly a white rabbit ran by"
1,3,https://pub-71ebbc217e6247ecacb85126a6616699.r2.dev/grammar-illustrations/alice-in-wonderland/ch01-falling-down/william-h-walker-1907.jpg,"— — William H. Walker — Alice falling"
1,4,https://pub-71ebbc217e6247ecacb85126a6616699.r2.dev/grammar-illustrations/alice-in-wonderland/ch01-falling-down/brinsley-le-fanu-1910.jpg,"— — Brinsley Le Fanu — Alice took marmalade as she fell"
1,5,https://pub-71ebbc217e6247ecacb85126a6616699.r2.dev/grammar-illustrations/alice-in-wonderland/manuscript-under-ground/manuscript-page-02.jpg,"— — Lewis Carroll manuscript — Alice sitting with sister, beginning to get tired"
1,6,https://pub-71ebbc217e6247ecacb85126a6616699.r2.dev/grammar-illustrations/alice-in-wonderland/manuscript-under-ground/manuscript-page-03.jpg,"— — Lewis Carroll manuscript — White Rabbit running by with pocket watch"
1,7,https://pub-71ebbc217e6247ecacb85126a6616699.r2.dev/grammar-illustrations/alice-in-wonderland/chapter-01-down-the-rabbit-hole/gwynedd-hudson-1922.jpg,"— — Gwynedd Hudson — Alice & Dinah"
1,8,https://pub-71ebbc217e6247ecacb85126a6616699.r2.dev/grammar-illustrations/alice-in-wonderland/chapter-01-down-the-rabbit-hole/arthur-rackham-1907.jpg,"— — Arthur Rackham — Alice portrait"
1,9,https://pub-71ebbc217e6247ecacb85126a6616699.r2.dev/grammar-illustrations/alice-in-wonderland/ch01-eat-me/nursery-alice-1890-cover.jpg,"— — E. Gertrude Thomson & John Tenniel — The Nursery Alice front cover"
1,10,https://pub-71ebbc217e6247ecacb85126a6616699.r2.dev/grammar-illustrations/alice-in-wonderland/ch01-the-hall-of-doors/brinsley-le-fanu-1910.jpg,"— — Brinsley Le Fanu — Glass table"
1,11,https://pub-71ebbc217e6247ecacb85126a6616699.r2.dev/grammar-illustrations/alice-in-wonderland/manuscript-under-ground/manuscript-page-04.jpg,"— — Lewis Carroll manuscript — Alice falling down the rabbit-hole"
1,12,https://pub-71ebbc217e6247ecacb85126a6616699.r2.dev/grammar-illustrations/alice-in-wonderland/alice-liddell-photos/alice-liddell-portrait.jpg,"— Lewis Carroll (photograph) — Alice Liddell portrait"
1,13,https://pub-71ebbc217e6247ecacb85126a6616699.r2.dev/grammar-illustrations/alice-in-wonderland/ch01-the-white-rabbit-appears/arthur-rackham-1907.jpg,"— — Arthur Rackham — White Rabbit"
1,14,,"text-only"
1,15,https://pub-71ebbc217e6247ecacb85126a6616699.r2.dev/grammar-illustrations/alice-in-wonderland/chapter-02-the-pool-of-tears/lewis-carroll-1864-chapter-I.webp,"— — Lewis Carroll — Carroll manuscript Chapter I opening"
1,16,https://pub-71ebbc217e6247ecacb85126a6616699.r2.dev/grammar-illustrations/alice-in-wonderland/ch01-eat-me/lewis-carroll-1864-manuscript.webp,"— — Lewis Carroll — Curiouser and curiouser - Alice growing tall"
1,17,https://pub-71ebbc217e6247ecacb85126a6616699.r2.dev/grammar-illustrations/alice-in-wonderland/ch02-curiouser-and-curiouser/john-tenniel-colorized-e-g-thomson-1890.jpg,"— — John Tenniel (colorized E.G. Thomson) — How Alice grew tall"
1,18,https://pub-71ebbc217e6247ecacb85126a6616699.r2.dev/grammar-illustrations/alice-in-wonderland/ch01-drink-me/lewis-carroll-1864-title-page.webp,"— — Lewis Carroll — Alice's Adventures Under Ground title page"
1,19,,"text-only"
2,0,https://pub-71ebbc217e6247ecacb85126a6616699.r2.dev/grammar-illustrations/alice-in-wonderland/manuscript-under-ground/manuscript-page-09.jpg,"chapter cover"
2,1,,"text-only"
2,2,https://pub-71ebbc217e6247ecacb85126a6616699.r2.dev/grammar-illustrations/alice-in-wonderland/manuscript-under-ground/manuscript-page-10.jpg,"— — Lewis Carroll manuscript — Alice swimming in the pool of her own tears"
2,3,https://pub-71ebbc217e6247ecacb85126a6616699.r2.dev/grammar-illustrations/alice-in-wonderland/ch02-meeting-the-mouse/emily-overnell-1912.jpg,"— — Emily Overnell — Alice in Wonderland frontispiece"
2,4,https://pub-71ebbc217e6247ecacb85126a6616699.r2.dev/grammar-illustrations/alice-in-wonderland/ch02-the-pool-of-tears/alice-b-woodward-1913.jpg,"— — Alice B. Woodward — They all swam to the shore"
2,5,https://pub-71ebbc217e6247ecacb85126a6616699.r2.dev/grammar-illustrations/alice-in-wonderland/ch02-the-pool-of-tears/arthur-rackham-1907.jpg,"— — Arthur Rackham — Pool of tears"
2,6,https://pub-71ebbc217e6247ecacb85126a6616699.r2.dev/grammar-illustrations/alice-in-wonderland/ch02-the-pool-of-tears/john-tenniel-colorized-e-g-thomson-1890.jpg,"— — John Tenniel (colorized E.G. Thomson) — Alice & Mouse in Pool of Tears"
2,7,https://pub-71ebbc217e6247ecacb85126a6616699.r2.dev/grammar-illustrations/alice-in-wonderland/manuscript-under-ground/manuscript-page-12.jpg,"— — Lewis Carroll manuscript — Alice and the Mouse swimming in the pool of tears"
2,8,,"text-only"
2,9,https://pub-71ebbc217e6247ecacb85126a6616699.r2.dev/grammar-illustrations/alice-in-wonderland/manuscript-under-ground/manuscript-page-07.jpg,"— — Lewis Carroll manuscript — Alice drinking from the DRINK ME bottle"
2,10,https://pub-71ebbc217e6247ecacb85126a6616699.r2.dev/grammar-illustrations/alice-in-wonderland/ch02-the-pool-of-tears/alice-b-woodward-1913.jpg,"— — Alice B. Woodward — They all swam to the shore"
2,11,https://pub-71ebbc217e6247ecacb85126a6616699.r2.dev/grammar-illustrations/alice-in-wonderland/chapter-03-a-caucus-race-and-a-long-tale/lewis-carroll-1864-chapter-II.webp,"— — Lewis Carroll — Carroll manuscript Chapter II - Caucus Race party"
2,12,https://pub-71ebbc217e6247ecacb85126a6616699.r2.dev/grammar-illustrations/alice-in-wonderland/ch02-meeting-the-mouse/lewis-carroll-1864-manuscript.webp,"— — Lewis Carroll — Alice swimming with the Mouse"
2,13,https://pub-71ebbc217e6247ecacb85126a6616699.r2.dev/grammar-illustrations/alice-in-wonderland/chapter-04-the-rabbit-sends-in-a-little-bill/lewis-carroll-1864-chapter-III.webp,"— — Lewis Carroll — Carroll manuscript Chapter III - Alice and the puppy"
3,0,https://pub-71ebbc217e6247ecacb85126a6616699.r2.dev/grammar-illustrations/alice-in-wonderland/ch03-the-caucus-race/emily-overnell-1912.jpg,"chapter cover"
3,1,https://pub-71ebbc217e6247ecacb85126a6616699.r2.dev/grammar-illustrations/alice-in-wonderland/ch03-the-caucus-race/bessie-pease-gutmann-1933.jpg,"— — Bessie Pease Gutmann — Beg your acceptance"
3,2,https://pub-71ebbc217e6247ecacb85126a6616699.r2.dev/grammar-illustrations/alice-in-wonderland/manuscript-under-ground/manuscript-page-16.jpg,"— — Lewis Carroll manuscript — The Dodo presenting Alice with her own thimble as prize"
3,3,https://pub-71ebbc217e6247ecacb85126a6616699.r2.dev/grammar-illustrations/alice-in-wonderland/ch03-the-caucus-race/john-tenniel-colorized-e-g-thomson-1890.jpg,"— — John Tenniel (colorized E.G. Thomson) — Hand it over said Dodo"
3,4,https://pub-71ebbc217e6247ecacb85126a6616699.r2.dev/grammar-illustrations/alice-in-wonderland/ch03-the-caucus-race/william-h-walker-1907.jpg,"— — William H. Walker — Dodo"
3,5,https://pub-71ebbc217e6247ecacb85126a6616699.r2.dev/grammar-illustrations/alice-in-wonderland/ch03-the-caucus-race/brinsley-le-fanu-1910.jpg,"— — Brinsley Le Fanu — Dodo presents Alice with her fingernail"
3,6,https://pub-71ebbc217e6247ecacb85126a6616699.r2.dev/grammar-illustrations/alice-in-wonderland/manuscript-under-ground/manuscript-page-18.jpg,"— — Lewis Carroll manuscript — Alice distributing comfits to the animals"
3,7,https://pub-71ebbc217e6247ecacb85126a6616699.r2.dev/grammar-illustrations/alice-in-wonderland/ch03-the-driest-thing/john-tenniel-harry-theaker-1911.jpg,"— — John Tenniel & Harry Theaker — Dodo presents thimble to Alice"
3,8,https://pub-71ebbc217e6247ecacb85126a6616699.r2.dev/grammar-illustrations/alice-in-wonderland/ch03-the-caucus-race/arthur-rackham-1907.jpg,"— — Arthur Rackham — Who has won"
3,9,https://pub-71ebbc217e6247ecacb85126a6616699.r2.dev/grammar-illustrations/alice-in-wonderland/manuscript-under-ground/manuscript-page-14.jpg,"— — Lewis Carroll manuscript — The Mouse tells its history — the driest thing"
3,10,https://pub-71ebbc217e6247ecacb85126a6616699.r2.dev/grammar-illustrations/alice-in-wonderland/alice-liddell-photos/alice-feigned-sleep-1860.jpg,"— Lewis Carroll (photograph) — Alice in feigned sleep, 1860"
3,11,https://pub-71ebbc217e6247ecacb85126a6616699.r2.dev/grammar-illustrations/alice-in-wonderland/ch03-a-long-sad-tale/lewis-carroll-1864-manuscript.webp,"— — Lewis Carroll — The Mouse's Tale in tail shape"
4,0,https://pub-71ebbc217e6247ecacb85126a6616699.r2.dev/grammar-illustrations/alice-in-wonderland/ch04-bill-the-lizard/harry-rountree-1928.jpg,"chapter cover"
4,1,https://pub-71ebbc217e6247ecacb85126a6616699.r2.dev/grammar-illustrations/alice-in-wonderland/ch04-stuck-in-the-house/bessie-pease-gutmann-1933.jpg,"— — Bessie Pease Gutmann — Hope I shan't grow more"
4,2,https://pub-71ebbc217e6247ecacb85126a6616699.r2.dev/grammar-illustrations/alice-in-wonderland/ch04-bill-the-lizard/brinsley-le-fanu-1910.jpg,"— — Brinsley Le Fanu — White rabbit falls"
4,3,https://pub-71ebbc217e6247ecacb85126a6616699.r2.dev/grammar-illustrations/alice-in-wonderland/ch04-stuck-in-the-house/john-tenniel-colorized-e-g-thomson-1890.jpg,"— — John Tenniel (colorized E.G. Thomson) — She grew and grew"
4,4,https://pub-71ebbc217e6247ecacb85126a6616699.r2.dev/grammar-illustrations/alice-in-wonderland/ch04-mistaken-for-mary-ann/harry-rountree-1928.jpg,"— — Harry Rountree — Why, Mary Ann"
4,5,https://pub-71ebbc217e6247ecacb85126a6616699.r2.dev/grammar-illustrations/alice-in-wonderland/ch04-mistaken-for-mary-ann/john-tenniel-harry-theaker-1911.jpg,"— — John Tenniel & Harry Theaker — Rabbit started violently"
4,6,https://pub-71ebbc217e6247ecacb85126a6616699.r2.dev/grammar-illustrations/alice-in-wonderland/ch04-bill-the-lizard/gwynedd-hudson-1922.jpg,"— — Gwynedd Hudson — Poor little lizard"
4,7,https://pub-71ebbc217e6247ecacb85126a6616699.r2.dev/grammar-illustrations/alice-in-wonderland/ch04-bill-the-lizard/john-tenniel-colorized-e-g-thomson-1890.jpg,"— — John Tenniel (colorized E.G. Thomson) — Bill the Lizard"
4,8,https://pub-71ebbc217e6247ecacb85126a6616699.r2.dev/grammar-illustrations/alice-in-wonderland/manuscript-under-ground/manuscript-page-19.jpg,"— — Lewis Carroll manuscript — Bill the Lizard being kicked up the chimney"
4,9,https://pub-71ebbc217e6247ecacb85126a6616699.r2.dev/grammar-illustrations/alice-in-wonderland/ch04-the-great-puppy/john-tenniel-colorized-e-g-thomson-1890.jpg,"— — John Tenniel (colorized E.G. Thomson) — Dash the Puppy"
4,10,https://pub-71ebbc217e6247ecacb85126a6616699.r2.dev/grammar-illustrations/alice-in-wonderland/ch03-the-driest-thing/lewis-carroll-1864-manuscript.webp,"— — Lewis Carroll — Alice alone on the shore after the race"
4,11,https://pub-71ebbc217e6247ecacb85126a6616699.r2.dev/grammar-illustrations/alice-in-wonderland/ch04-bill-the-lizard/brinsley-le-fanu-1910.jpg,"— — Brinsley Le Fanu — White rabbit falls"
4,12,https://pub-71ebbc217e6247ecacb85126a6616699.r2.dev/grammar-illustrations/alice-in-wonderland/ch04-bill-the-lizard/harry-rountree-1928.jpg,"— — Harry Rountree — Poor Lizard Bill"
4,13,https://pub-71ebbc217e6247ecacb85126a6616699.r2.dev/grammar-illustrations/alice-in-wonderland/ch02-the-white-rabbit-returns/lewis-carroll-1864-manuscript.webp,"— — Lewis Carroll — White Rabbit ordering Alice about"
4,14,https://pub-71ebbc217e6247ecacb85126a6616699.r2.dev/grammar-illustrations/alice-in-wonderland/ch04-bill-the-lizard/john-tenniel-colorized-e-g-thomson-1890.jpg,"— — John Tenniel (colorized E.G. Thomson) — Bill the Lizard"
4,15,,"text-only"
4,16,https://pub-71ebbc217e6247ecacb85126a6616699.r2.dev/grammar-illustrations/alice-in-wonderland/alice-liddell-photos/alice-ina-harry-edith-1860.jpg,"— Lewis Carroll (photograph) — Alice, Ina, Harry and Edith, 1860"
4,17,https://pub-71ebbc217e6247ecacb85126a6616699.r2.dev/grammar-illustrations/alice-in-wonderland/ch04-the-great-puppy/john-tenniel-colorized-e-g-thomson-1890.jpg,"— — John Tenniel (colorized E.G. Thomson) — Dash the Puppy"
4,18,,"text-only"
4,19,,"text-only"
5,0,https://pub-71ebbc217e6247ecacb85126a6616699.r2.dev/grammar-illustrations/alice-in-wonderland/ch05-who-are-you/gwynedd-hudson-1922.jpg,"chapter cover"
5,1,https://pub-71ebbc217e6247ecacb85126a6616699.r2.dev/grammar-illustrations/alice-in-wonderland/ch05-who-are-you/alice-b-woodward-1913.jpg,"— — Alice B. Woodward — Caterpillar"
5,2,https://pub-71ebbc217e6247ecacb85126a6616699.r2.dev/grammar-illustrations/alice-in-wonderland/ch05-who-are-you/william-h-walker-1907.jpg,"— — William H. Walker — Caterpillar"
5,3,https://pub-71ebbc217e6247ecacb85126a6616699.r2.dev/grammar-illustrations/alice-in-wonderland/ch05-who-are-you/gwynedd-hudson-1922.jpg,"— — Gwynedd Hudson — Advice from a caterpillar"
5,4,https://pub-71ebbc217e6247ecacb85126a6616699.r2.dev/grammar-illustrations/alice-in-wonderland/ch05-who-are-you/arthur-rackham-1907.jpg,"— — Arthur Rackham — Advice from a Caterpillar"
5,5,https://pub-71ebbc217e6247ecacb85126a6616699.r2.dev/grammar-illustrations/alice-in-wonderland/ch05-father-william/bessie-pease-gutmann-1933.jpg,"— — Bessie Pease Gutmann — Caterpillar"
5,6,https://pub-71ebbc217e6247ecacb85126a6616699.r2.dev/grammar-illustrations/alice-in-wonderland/manuscript-under-ground/manuscript-page-23.jpg,"— — Lewis Carroll manuscript — Chapter II title page — Advice from a Caterpillar"
5,7,https://pub-71ebbc217e6247ecacb85126a6616699.r2.dev/grammar-illustrations/alice-in-wonderland/chapter-05-advice-from-a-caterpillar/john-tenniel-colorized-e-g-thomson-1890.jpg,"— — John Tenniel (colorized E.G. Thomson) — Caterpillar"
5,8,https://pub-71ebbc217e6247ecacb85126a6616699.r2.dev/grammar-illustrations/alice-in-wonderland/manuscript-under-ground/manuscript-page-24.jpg,"— — Lewis Carroll manuscript — The Pigeon calling Alice a serpent in the tree"
5,9,,"text-only"
5,10,https://pub-71ebbc217e6247ecacb85126a6616699.r2.dev/grammar-illustrations/alice-in-wonderland/ch05-the-mushrooms-magic/lewis-carroll-1864-manuscript.webp,"— — Lewis Carroll — Alice pondering the mushroom's effects"
5,11,,"text-only"
5,12,https://pub-71ebbc217e6247ecacb85126a6616699.r2.dev/grammar-illustrations/alice-in-wonderland/alice-liddell-photos/alice-liddell-1859.jpg,"— Lewis Carroll (photograph) — Alice Liddell, 1859"
5,13,,"text-only"
5,14,,"text-only"
5,15,https://pub-71ebbc217e6247ecacb85126a6616699.r2.dev/grammar-illustrations/alice-in-wonderland/ch05-serpent/lewis-carroll-1864-manuscript.webp,"— — Lewis Carroll — Alice mistaken for a serpent by pigeon"
6,0,https://pub-71ebbc217e6247ecacb85126a6616699.r2.dev/grammar-illustrations/alice-in-wonderland/chapter-06-pig-and-pepper/lewis-carroll-1864-chapter-IV.webp,"chapter cover"
6,1,https://pub-71ebbc217e6247ecacb85126a6616699.r2.dev/grammar-illustrations/alice-in-wonderland/ch06-the-baby-turns-into-a-pig/john-tenniel-colorized-e-g-thomson-1890.jpg,"— John Tenniel (colorized E.G. Thomson) — Duchess & the Pig-baby"
6,2,https://pub-71ebbc217e6247ecacb85126a6616699.r2.dev/grammar-illustrations/alice-in-wonderland/ch06-the-fish-footman/lewis-carroll-1864-manuscript.webp,"— Lewis Carroll — Fish-Footman and Frog-Footman at the door"
6,3,https://pub-71ebbc217e6247ecacb85126a6616699.r2.dev/grammar-illustrations/alice-in-wonderland/ch06-the-fish-footman/alice-b-woodward-1913.jpg,"— Alice B. Woodward — You may nurse the baby, said Duchess"
6,4,,"text-only"
6,5,https://pub-71ebbc217e6247ecacb85126a6616699.r2.dev/grammar-illustrations/alice-in-wonderland/ch06-the-duchesss-kitchen/arthur-rackham-1907.jpg,"— Arthur Rackham — Saucepan flew by"
6,6,https://pub-71ebbc217e6247ecacb85126a6616699.r2.dev/grammar-illustrations/alice-in-wonderland/ch06-the-duchesss-kitchen/alice-b-woodward-1913.jpg,"— Alice B. Woodward — Shan't said the Cook"
6,7,,"text-only"
6,8,https://pub-71ebbc217e6247ecacb85126a6616699.r2.dev/grammar-illustrations/alice-in-wonderland/ch06-the-duchesss-kitchen/brinsley-le-fanu-1910.jpg,"— Brinsley Le Fanu — The Duchess's kitchen"
6,9,https://pub-71ebbc217e6247ecacb85126a6616699.r2.dev/grammar-illustrations/alice-in-wonderland/ch06-the-baby-turns-into-a-pig/arthur-rackham-1907.jpg,"— Arthur Rackham — Pig baby"
6,10,https://pub-71ebbc217e6247ecacb85126a6616699.r2.dev/grammar-illustrations/alice-in-wonderland/ch06-the-baby-turns-into-a-pig/gwynedd-hudson-1922.jpg,"— Gwynedd Hudson — Duchess & the Baby"
6,11,https://pub-71ebbc217e6247ecacb85126a6616699.r2.dev/grammar-illustrations/alice-in-wonderland/ch06-the-baby-turns-into-a-pig/alice-b-woodward-1913.jpg,"— Alice B. Woodward — You may nurse the baby said Duchess"
6,12,https://pub-71ebbc217e6247ecacb85126a6616699.r2.dev/grammar-illustrations/alice-in-wonderland/alice-liddell-photos/alice-beggar-girl-1858.jpg,"— Lewis Carroll (photograph) — Alice as a beggar-girl, 1858"
6,13,https://pub-71ebbc217e6247ecacb85126a6616699.r2.dev/grammar-illustrations/alice-in-wonderland/ch06-the-cheshire-cat/john-tenniel-harry-theaker-1911.jpg,"— John Tenniel & Harry Theaker — The Cheshire Cat"
6,14,,"text-only"
6,15,,"text-only"
6,16,https://pub-71ebbc217e6247ecacb85126a6616699.r2.dev/grammar-illustrations/alice-in-wonderland/ch06-the-cheshire-cat/john-tenniel-colorized-e-g-thomson-1890.jpg,"— John Tenniel (colorized E.G. Thomson) — The Cheshire Cat in tree"
7,0,https://pub-71ebbc217e6247ecacb85126a6616699.r2.dev/grammar-illustrations/alice-in-wonderland/chapter-07-a-mad-tea-party/gwynedd-hudson-1922.jpg,"chapter cover"
7,1,https://pub-71ebbc217e6247ecacb85126a6616699.r2.dev/grammar-illustrations/alice-in-wonderland/ch07-no-room/arthur-rackham-1907.jpg,"— Arthur Rackham — Mad Hatter's tea party"
7,2,https://pub-71ebbc217e6247ecacb85126a6616699.r2.dev/grammar-illustrations/alice-in-wonderland/ch07-no-room/alice-b-woodward-1913.jpg,"— Alice B. Woodward — No room they cried"
7,3,https://pub-71ebbc217e6247ecacb85126a6616699.r2.dev/grammar-illustrations/alice-in-wonderland/ch07-no-room/brinsley-le-fanu-1910.jpg,"— Brinsley Le Fanu — March Hare's house"
7,4,https://pub-71ebbc217e6247ecacb85126a6616699.r2.dev/grammar-illustrations/alice-in-wonderland/ch07-no-room/john-tenniel-colorized-e-g-thomson-1890.jpg,"— John Tenniel (colorized E.G. Thomson) — Mad Hatter's Tea Party"
7,5,https://pub-71ebbc217e6247ecacb85126a6616699.r2.dev/grammar-illustrations/alice-in-wonderland/ch07-the-hatters-watch/lewis-carroll-1864-duchess-kitchen.webp,"— Lewis Carroll — The Duchess's chaotic kitchen"
7,6,https://pub-71ebbc217e6247ecacb85126a6616699.r2.dev/grammar-illustrations/alice-in-wonderland/chapter-07-a-mad-tea-party/william-h-walker-1907.jpg,"— William H. Walker — Hatter's Tea Party"
7,7,https://pub-71ebbc217e6247ecacb85126a6616699.r2.dev/grammar-illustrations/alice-in-wonderland/chapter-07-a-mad-tea-party/john-tenniel-1865.jpg,"— John Tenniel — Mad Hatter's Tea Party"
7,8,https://pub-71ebbc217e6247ecacb85126a6616699.r2.dev/grammar-illustrations/alice-in-wonderland/ch07-time-is-frozen/lewis-carroll-1864-animals-concert.webp,"— Lewis Carroll — Animals gathered for a concert"
7,9,,"text-only"
7,10,https://pub-71ebbc217e6247ecacb85126a6616699.r2.dev/grammar-illustrations/alice-in-wonderland/ch01-bored-by-the-river/lewis-carroll-1864-manuscript.webp,"— — Lewis Carroll — Alice with sister by the river"
7,11,https://pub-71ebbc217e6247ecacb85126a6616699.r2.dev/grammar-illustrations/alice-in-wonderland/ch07-the-dormouses-story/brinsley-le-fanu-1910.jpg,"— Brinsley Le Fanu — Dormouse put in teapot"
7,12,https://pub-71ebbc217e6247ecacb85126a6616699.r2.dev/grammar-illustrations/alice-in-wonderland/alice-liddell-photos/lorina-edith-alice-1859.jpg,"— Lewis Carroll (photograph) — Lorina, Edith and Alice, 1859"
7,13,https://pub-71ebbc217e6247ecacb85126a6616699.r2.dev/grammar-illustrations/alice-in-wonderland/ch07-the-dormouses-story/harry-rountree-1928.jpg,"— Harry Rountree — Dormouse is asleep"
7,14,,"text-only"
7,15,https://pub-71ebbc217e6247ecacb85126a6616699.r2.dev/grammar-illustrations/alice-in-wonderland/ch07-alice-leaves-the-tea-party/lewis-carroll-1864-cheshire-cat-tree.webp,"— Lewis Carroll — Alice under a tree with the Cheshire Cat"
7,16,,"text-only"
8,0,https://pub-71ebbc217e6247ecacb85126a6616699.r2.dev/grammar-illustrations/alice-in-wonderland/chapter-08-the-queens-croquet-ground/alice-b-woodward-1913.jpg,"chapter cover"
8,1,https://pub-71ebbc217e6247ecacb85126a6616699.r2.dev/grammar-illustrations/alice-in-wonderland/ch08-painting-the-roses-red/gwynedd-hudson-1922.jpg,"— Gwynedd Hudson — Gardeners painting roses red"
8,2,https://pub-71ebbc217e6247ecacb85126a6616699.r2.dev/grammar-illustrations/alice-in-wonderland/ch08-painting-the-roses-red/william-h-walker-1907.jpg,"— William H. Walker — Playing cards"
8,3,https://pub-71ebbc217e6247ecacb85126a6616699.r2.dev/grammar-illustrations/alice-in-wonderland/ch08-the-royal-procession/arthur-rackham-1907.jpg,"— Arthur Rackham — Queen of Hearts"
8,4,https://pub-71ebbc217e6247ecacb85126a6616699.r2.dev/grammar-illustrations/alice-in-wonderland/ch08-painting-the-roses-red/bessie-pease-gutmann-1933.jpg,"— Bessie Pease Gutmann — Shan't be beheaded"
8,5,https://pub-71ebbc217e6247ecacb85126a6616699.r2.dev/grammar-illustrations/alice-in-wonderland/ch08-the-royal-procession/gwynedd-hudson-1922.jpg,"— Gwynedd Hudson — King & Queen of Hearts"
8,6,https://pub-71ebbc217e6247ecacb85126a6616699.r2.dev/grammar-illustrations/alice-in-wonderland/ch08-the-royal-procession/john-tenniel-harry-theaker-1911.jpg,"— John Tenniel & Harry Theaker — Off with her head"
8,7,https://pub-71ebbc217e6247ecacb85126a6616699.r2.dev/grammar-illustrations/alice-in-wonderland/ch08-the-royal-procession/john-tenniel-colorized-e-g-thomson-1890.jpg,"— John Tenniel (colorized E.G. Thomson) — The Queen has come"
8,8,https://pub-71ebbc217e6247ecacb85126a6616699.r2.dev/grammar-illustrations/alice-in-wonderland/ch08-painting-the-roses-red/john-tenniel-colorized-e-g-thomson-1890.jpg,"— John Tenniel (colorized E.G. Thomson) — Live cards with red rose-tree"
8,9,https://pub-71ebbc217e6247ecacb85126a6616699.r2.dev/grammar-illustrations/alice-in-wonderland/ch08-croquet-with-flamingos/john-tenniel-harry-theaker-1911.jpg,"— John Tenniel & Harry Theaker — Invitation to play croquet"
8,10,https://pub-71ebbc217e6247ecacb85126a6616699.r2.dev/grammar-illustrations/alice-in-wonderland/chapter-08-the-queens-croquet-ground/john-tenniel-harry-theaker-1911.jpg,"— John Tenniel & Harry Theaker — King & Queen of Hearts"
8,11,https://pub-71ebbc217e6247ecacb85126a6616699.r2.dev/grammar-illustrations/alice-in-wonderland/ch08-croquet-with-flamingos/john-tenniel-colorized-e-g-thomson-1890.jpg,"— John Tenniel (colorized E.G. Thomson) — Alice, the Duchess & the Flamingo"
8,12,,"text-only"
8,13,https://pub-71ebbc217e6247ecacb85126a6616699.r2.dev/grammar-illustrations/alice-in-wonderland/ch08-the-cheshire-cats-head/gwynedd-hudson-1922.jpg,"— Gwynedd Hudson — King Queen Executioner"
8,14,,"text-only"
8,15,https://pub-71ebbc217e6247ecacb85126a6616699.r2.dev/grammar-illustrations/alice-in-wonderland/ch08-the-cheshire-cats-head/alice-b-woodward-1913.jpg,"— Alice B. Woodward — Executioner came back with Duchess"
8,16,,"text-only"
8,17,https://pub-71ebbc217e6247ecacb85126a6616699.r2.dev/grammar-illustrations/alice-in-wonderland/ch08-the-cheshire-cats-head/brinsley-le-fanu-1910.jpg,"— Brinsley Le Fanu — Dispute over Cheshire cat's head"
9,0,https://pub-71ebbc217e6247ecacb85126a6616699.r2.dev/grammar-illustrations/alice-in-wonderland/chapter-09-the-mock-turtles-story/john-tenniel-colorized-e-g-thomson-1890.jpg,"chapter cover"
9,1,,"text-only"
9,2,https://pub-71ebbc217e6247ecacb85126a6616699.r2.dev/grammar-illustrations/alice-in-wonderland/ch09-the-duchess-and-her-morals/gwynedd-hudson-1922.jpg,"— Gwynedd Hudson — Alice & the Duchess"
9,3,,"text-only"
9,4,,"text-only"
9,5,https://pub-71ebbc217e6247ecacb85126a6616699.r2.dev/grammar-illustrations/alice-in-wonderland/ch09-the-duchess-and-her-morals/john-tenniel-colorized-e-g-thomson-1890.jpg,"— John Tenniel (colorized E.G. Thomson) — Duchess"
9,6,https://pub-71ebbc217e6247ecacb85126a6616699.r2.dev/grammar-illustrations/alice-in-wonderland/alice-liddell-photos/edith-ina-alice-july-1860.jpg,"— Lewis Carroll (photograph) — Edith, Ina and Alice, July 1860"
9,7,https://pub-71ebbc217e6247ecacb85126a6616699.r2.dev/grammar-illustrations/alice-in-wonderland/ch09-meeting-the-gryphon/arthur-rackham-1907.jpg,"— Arthur Rackham — Gryphon & Mock Turtle"
9,8,,"text-only"
9,9,https://pub-71ebbc217e6247ecacb85126a6616699.r2.dev/grammar-illustrations/alice-in-wonderland/ch09-meeting-the-gryphon/brinsley-le-fanu-1910.jpg,"— Brinsley Le Fanu — The griffin sleeps deeply"
9,10,https://pub-71ebbc217e6247ecacb85126a6616699.r2.dev/grammar-illustrations/alice-in-wonderland/ch09-meeting-the-gryphon/bessie-pease-gutmann-1933.jpg,"— Bessie Pease Gutmann — Gryphon"
9,11,,"text-only"
9,12,https://pub-71ebbc217e6247ecacb85126a6616699.r2.dev/grammar-illustrations/alice-in-wonderland/ch09-the-mock-turtles-school/gwynedd-hudson-1922.jpg,"— Gwynedd Hudson — Alice & Mock-turtle"
9,13,https://pub-71ebbc217e6247ecacb85126a6616699.r2.dev/grammar-illustrations/alice-in-wonderland/ch09-the-mock-turtles-school/william-h-walker-1907.jpg,"— William H. Walker — Turtle & Gryphon"
9,14,,"text-only"
9,15,https://pub-71ebbc217e6247ecacb85126a6616699.r2.dev/grammar-illustrations/alice-in-wonderland/ch09-the-mock-turtles-school/john-tenniel-harry-theaker-1911.jpg,"— John Tenniel & Harry Theaker — The Mock Turtle"
10,0,https://pub-71ebbc217e6247ecacb85126a6616699.r2.dev/grammar-illustrations/alice-in-wonderland/chapter-10-the-lobster-quadrille/lewis-carroll-1864-mock-turtle.webp,"chapter cover"
10,1,,"text-only"
10,2,,"text-only"
10,3,,"text-only"
10,4,,"text-only"
10,5,https://pub-71ebbc217e6247ecacb85126a6616699.r2.dev/grammar-illustrations/alice-in-wonderland/ch10-the-lobster-quadrille/harry-rountree-1928.jpg,"— Harry Rountree — Lobster Quadrille"
10,6,,"text-only"
10,7,https://pub-71ebbc217e6247ecacb85126a6616699.r2.dev/grammar-illustrations/alice-in-wonderland/alice-liddell-photos/alice-grown-up.jpg,"— Photograph — A grown up Alice of Wonderland"
10,8,,"text-only"
10,9,https://pub-71ebbc217e6247ecacb85126a6616699.r2.dev/grammar-illustrations/alice-in-wonderland/ch01-the-white-rabbit-appears/john-tenniel-colorized-e-g-thomson-1890.jpg,"— John Tenniel (colorized E.G. Thomson) — The White Rabbit"
10,10,,"text-only"
10,11,https://pub-71ebbc217e6247ecacb85126a6616699.r2.dev/grammar-illustrations/alice-in-wonderland/ch10-the-lobster-and-the-owl/lewis-carroll-1864-manuscript.webp,"— Lewis Carroll — The Lobster dancing"
10,12,,"text-only"
10,13,,"text-only"
10,14,https://pub-71ebbc217e6247ecacb85126a6616699.r2.dev/grammar-illustrations/alice-in-wonderland/ch10-beautiful-soup/lewis-carroll-1864-manuscript.webp,"— Lewis Carroll — Alice, Mock Turtle and Gryphon singing"
11,0,https://pub-71ebbc217e6247ecacb85126a6616699.r2.dev/grammar-illustrations/alice-in-wonderland/chapter-11-who-stole-the-tarts/lewis-carroll-1864-royal-court.webp,"chapter cover"
11,1,,"text-only"
11,2,https://pub-71ebbc217e6247ecacb85126a6616699.r2.dev/grammar-illustrations/alice-in-wonderland/ch11-the-court-assembles/arthur-rackham-1907.jpg,"— Arthur Rackham — Knave of Spades"
11,3,,"text-only"
11,4,https://pub-71ebbc217e6247ecacb85126a6616699.r2.dev/grammar-illustrations/alice-in-wonderland/ch11-the-court-assembles/william-h-walker-1907.jpg,"— William H. Walker — In court"
11,5,,"text-only"
11,6,,"text-only"
11,7,https://pub-71ebbc217e6247ecacb85126a6616699.r2.dev/grammar-illustrations/alice-in-wonderland/alice-liddell-photos/alice-with-julia-margaret-cameron-1872.jpg,"— Julia Margaret Cameron (photograph) — Alice with Cameron, 1872"
11,8,https://pub-71ebbc217e6247ecacb85126a6616699.r2.dev/grammar-illustrations/alice-in-wonderland/ch11-the-hatters-evidence/lewis-carroll-1864-manuscript.webp,"— Lewis Carroll — The trial of the Knave of Hearts"
11,9,,"text-only"
11,10,,"text-only"
11,11,,"text-only"
11,12,https://pub-71ebbc217e6247ecacb85126a6616699.r2.dev/grammar-illustrations/alice-in-wonderland/ch11-the-cooks-evidence/brinsley-le-fanu-1910.jpg,"— Brinsley Le Fanu — The cook refuses to testify"
12,0,https://pub-71ebbc217e6247ecacb85126a6616699.r2.dev/grammar-illustrations/alice-in-wonderland/chapter-12-alices-evidence/lewis-carroll-1864-croquet-chaos.webp,"chapter cover"
12,1,,"text-only"
12,2,https://pub-71ebbc217e6247ecacb85126a6616699.r2.dev/grammar-illustrations/alice-in-wonderland/ch12-alice-tips-the-jury/john-tenniel-harry-theaker-1911.jpg,"— John Tenniel & Harry Theaker — Tipped over jury box"
12,3,https://pub-71ebbc217e6247ecacb85126a6616699.r2.dev/grammar-illustrations/alice-in-wonderland/ch12-alice-tips-the-jury/john-tenniel-colorized-e-g-thomson-1890.jpg,"— John Tenniel (colorized E.G. Thomson) — Alice & the Jurors"
12,4,,"text-only"
12,5,,"text-only"
12,6,https://pub-71ebbc217e6247ecacb85126a6616699.r2.dev/grammar-illustrations/alice-in-wonderland/ch12-the-mysterious-letter/lewis-carroll-1864-manuscript.webp,"— Lewis Carroll — Alice growing in court, Off with her head"
12,7,https://pub-71ebbc217e6247ecacb85126a6616699.r2.dev/grammar-illustrations/alice-in-wonderland/alice-liddell-photos/alice-hargreaves-1932-age-80.jpg,"— Photograph — Alice Hargreaves in 1932, age 80"
12,8,https://pub-71ebbc217e6247ecacb85126a6616699.r2.dev/grammar-illustrations/alice-in-wonderland/ch12-sentence-first/arthur-rackham-1907.jpg,"— Arthur Rackham — Pack rose in the air"
12,9,https://pub-71ebbc217e6247ecacb85126a6616699.r2.dev/grammar-illustrations/alice-in-wonderland/ch12-sentence-first/gwynedd-hudson-1922.jpg,"— Gwynedd Hudson — Cards rose into the air"
12,10,https://pub-71ebbc217e6247ecacb85126a6616699.r2.dev/grammar-illustrations/alice-in-wonderland/ch12-sentence-first/john-tenniel-colorized-e-g-thomson-1890.jpg,"— John Tenniel (colorized E.G. Thomson) — The Shower of Cards"
12,11,https://pub-71ebbc217e6247ecacb85126a6616699.r2.dev/grammar-illustrations/alice-in-wonderland/alice-liddell-photos/alice-age-20-1872.jpg,"— Lewis Carroll (photograph) — A 20-year-old Alice, 1872"
12,12,,"text-only"
12,13,https://pub-71ebbc217e6247ecacb85126a6616699.r2.dev/grammar-illustrations/alice-in-wonderland/ch12-waking-up/lewis-carroll-1864-manuscript.webp,"— Lewis Carroll — The end - Alice waking up"
12,14,,"text-only"
12,15,,"text-only"
